EVENT,BOUT,ROUND,FIGHTER,KD,SIG.STR.,SIG.STR. %,TOTAL STR.,TD,TD %,SUB.ATT,REV.,CTRL,HEAD,BODY,LEG,DISTANCE,CLINCH,GROUND
UFC Fight Night: Dern vs. Ribas 2,Mackenzie Dern vs. Amanda Ribas,Round 1,Mackenzie Dern,0,12 of 25,48%,34 of 47,1 of 1,100%,0,0,2:36,4 of 15,2 of 4,6 of 6,12 of 25,0 of 0,0 of 0
UFC Fight Night: Dern vs. Ribas 2,Mackenzie Dern vs. Amanda Ribas,Round 2,Mackenzie Dern,0,3 of 3,100%,24 of 25,0 of 1,0%,0,1,0:19,1 of 1,0 of 0,2 of 2,2 of 2,0 of 0,1 of 1
UFC Fight Night: Dern vs. Ribas 2,Mackenzie Dern vs. Amanda Ribas,Round 3,Mackenzie Dern,0,12 of 18,66%,24 of 35,0 of 1,0%,1,1,1:39,8 of 11,1 of 4,3 of 3,4 of 7,1 of 3,7 of 8
UFC Fight Night: Dern vs. Ribas 2,Mackenzie Dern vs. Amanda Ribas,Round 1,Amanda Ribas,0,10 of 33,30%,27 of 50,0 of 0,---,0,0,0:00,6 of 26,1 of 3,3 of 4,9 of 32,0 of 0,1 of 1
UFC Fight Night: Dern vs. Ribas 2,Mackenzie Dern vs. Amanda Ribas,Round 2,Amanda Ribas,0,3 of 6,50%,37 of 49,1 of 1,100%,0,0,3:31,2 of 5,0 of 0,1 of 1,1 of 4,0 of 0,2 of 2
UFC Fight Night: Dern vs. Ribas 2,Mackenzie Dern vs. Amanda Ribas,Round 3,Amanda Ribas,0,4 of 17,23%,35 of 52,1 of 1,100%,0,0,2:16,2 of 13,0 of 1,2 of 3,4 of 15,0 of 0,0 of 2
UFC Fight Night: Dern vs. Ribas 2,Santiago Ponzinibbio vs. Carlston Harris,Round 1,Santiago Ponzinibbio,0,22 of 48,45%,22 of 48,0 of 0,---,0,0,0:01,13 of 39,5 of 5,4 of 4,22 of 48,0 of 0,0 of 0
UFC Fight Night: Dern vs. Ribas 2,Santiago Ponzinibbio vs. Carlston Harris,Round 2,Santiago Ponzinibbio,0,27 of 70,38%,27 of 70,0 of 0,---,0,0,0:00,21 of 62,1 of 3,5 of 5,27 of 70,0 of 0,0 of 0
UFC Fight Night: Dern vs. Ribas 2,Santiago Ponzinibbio vs. Carlston Harris,Round 3,Santiago Ponzinibbio,1,27 of 57,47%,27 of 57,0 of 0,---,0,0,0:38,23 of 50,2 of 3,2 of 4,23 of 47,0 of 0,4 of 10
UFC Fight Night: Dern vs. Ribas 2,Santiago Ponzinibbio vs. Carlston Harris,Round 1,Carlston Harris,1,37 of 79,46%,37 of 79,0 of 2,0%,0,0,0:04,20 of 51,8 of 18,9 of 10,37 of 78,0 of 0,0 of 1
UFC Fight Night: Dern vs. Ribas 2,Santiago Ponzinibbio vs. Carlston Harris,Round 2,Carlston Harris,0,28 of 86,32%,28 of 86,0 of 1,0%,0,0,0:00,15 of 66,8 of 15,5 of 5,28 of 86,0 of 0,0 of 0
UFC Fight Night: Dern vs. Ribas 2,Santiago Ponzinibbio vs. Carlston Harris,Round 3,Carlston Harris,0,8 of 31,25%,13 of 46,0 of 2,0%,0,0,0:09,5 of 25,3 of 6,0 of 0,8 of 31,0 of 0,0 of 0
UFC Fight Night: Dern vs. Ribas 2,Cesar Almeida vs. Abdul Razak Alhassan,Round 1,Cesar Almeida,1,20 of 29,68%,21 of 30,0 of 0,---,0,0,0:02,3 of 9,9 of 11,8 of 9,16 of 25,4 of 4,0 of 0
UFC Fight Night: Dern vs. Ribas 2,Cesar Almeida vs. Abdul Razak Alhassan,Round 1,Abdul Razak Alhassan,1,17 of 33,51%,19 of 35,0 of 2,0%,0,0,1:31,13 of 29,4 of 4,0 of 0,9 of 21,4 of 5,4 of 7
UFC Fight Night: Dern vs. Ribas 2,Chris Curtis vs. Roman Kopylov,Round 1,Chris Curtis,0,42 of 83,50%,42 of 83,0 of 0,---,0,0,0:00,32 of 62,8 of 19,2 of 2,42 of 83,0 of 0,0 of 0
UFC Fight Night: Dern vs. Ribas 2,Chris Curtis vs. Roman Kopylov,Round 2,Chris Curtis,0,58 of 104,55%,59 of 105,0 of 0,---,0,0,0:00,42 of 78,14 of 24,2 of 2,58 of 104,0 of 0,0 of 0
UFC Fight Night: Dern vs. Ribas 2,Chris Curtis vs. Roman Kopylov,Round 3,Chris Curtis,0,42 of 74,56%,45 of 77,0 of 0,---,0,0,0:00,33 of 64,8 of 9,1 of 1,42 of 74,0 of 0,0 of 0
UFC Fight Night: Dern vs. Ribas 2,Chris Curtis vs. Roman Kopylov,Round 1,Roman Kopylov,0,48 of 110,43%,48 of 110,0 of 2,0%,0,0,0:00,33 of 93,6 of 8,9 of 9,46 of 108,2 of 2,0 of 0
UFC Fight Night: Dern vs. Ribas 2,Chris Curtis vs. Roman Kopylov,Round 2,Roman Kopylov,0,38 of 96,39%,38 of 96,0 of 0,---,0,0,0:00,25 of 83,3 of 3,10 of 10,38 of 96,0 of 0,0 of 0
UFC Fight Night: Dern vs. Ribas 2,Chris Curtis vs. Roman Kopylov,Round 3,Roman Kopylov,1,44 of 101,43%,47 of 104,1 of 4,25%,0,0,0:49,33 of 90,5 of 5,6 of 6,40 of 96,2 of 3,2 of 2
UFC Fight Night: Dern vs. Ribas 2,Punahele Soriano vs. Uros Medic,Round 1,Punahele Soriano,1,13 of 17,76%,13 of 17,0 of 0,---,0,0,0:04,12 of 16,0 of 0,1 of 1,5 of 8,0 of 0,8 of 9
UFC Fight Night: Dern vs. Ribas 2,Punahele Soriano vs. Uros Medic,Round 1,Uros Medic,0,2 of 3,66%,2 of 3,0 of 0,---,0,0,0:00,1 of 2,1 of 1,0 of 0,2 of 3,0 of 0,0 of 0
UFC Fight Night: Dern vs. Ribas 2,Jose Johnson vs. Felipe Bunes,Round 1,Jose Johnson,0,8 of 14,57%,8 of 15,0 of 0,---,0,0,0:48,3 of 8,3 of 4,2 of 2,7 of 11,0 of 2,1 of 1
UFC Fight Night: Dern vs. Ribas 2,Jose Johnson vs. Felipe Bunes,Round 1,Felipe Bunes,0,2 of 7,28%,5 of 10,0 of 2,0%,2,0,0:11,2 of 7,0 of 0,0 of 0,2 of 7,0 of 0,0 of 0
UFC Fight Night: Dern vs. Ribas 2,Marco Tulio vs. Ihor Potieria,Round 1,Marco Tulio,1,29 of 54,53%,34 of 62,0 of 0,---,0,0,0:26,20 of 41,5 of 7,4 of 6,17 of 37,1 of 1,11 of 16
UFC Fight Night: Dern vs. Ribas 2,Marco Tulio vs. Ihor Potieria,Round 1,Ihor Potieria,0,6 of 15,40%,6 of 15,0 of 0,---,0,0,0:00,2 of 8,1 of 2,3 of 5,6 of 15,0 of 0,0 of 0
UFC Fight Night: Dern vs. Ribas 2,Thiago Moises vs. Trey Ogden,Round 1,Thiago Moises,0,12 of 28,42%,12 of 28,0 of 0,---,0,0,0:00,2 of 12,2 of 4,8 of 12,12 of 28,0 of 0,0 of 0
UFC Fight Night: Dern vs. Ribas 2,Thiago Moises vs. Trey Ogden,Round 2,Thiago Moises,0,32 of 44,72%,42 of 54,0 of 0,---,0,0,3:23,24 of 36,0 of 0,8 of 8,9 of 17,0 of 0,23 of 27
UFC Fight Night: Dern vs. Ribas 2,Thiago Moises vs. Trey Ogden,Round 3,Thiago Moises,0,11 of 22,50%,21 of 42,0 of 0,---,0,1,4:07,10 of 17,0 of 0,1 of 5,1 of 6,0 of 0,10 of 16
UFC Fight Night: Dern vs. Ribas 2,Thiago Moises vs. Trey Ogden,Round 1,Trey Ogden,0,36 of 58,62%,36 of 58,0 of 0,---,0,0,0:00,14 of 35,2 of 2,20 of 21,36 of 58,0 of 0,0 of 0
UFC Fight Night: Dern vs. Ribas 2,Thiago Moises vs. Trey Ogden,Round 2,Trey Ogden,0,19 of 29,65%,51 of 70,0 of 0,---,0,0,0:00,8 of 17,5 of 6,6 of 6,19 of 29,0 of 0,0 of 0
UFC Fight Night: Dern vs. Ribas 2,Thiago Moises vs. Trey Ogden,Round 3,Trey Ogden,0,4 of 8,50%,30 of 40,1 of 1,100%,0,0,0:11,2 of 5,0 of 1,2 of 2,3 of 7,0 of 0,1 of 1
UFC Fight Night: Dern vs. Ribas 2,Preston Parsons vs. Jacobe Smith,Round 1,Preston Parsons,0,7 of 14,50%,8 of 15,0 of 0,---,0,0,0:00,6 of 12,1 of 1,0 of 1,6 of 13,1 of 1,0 of 0
UFC Fight Night: Dern vs. Ribas 2,Preston Parsons vs. Jacobe Smith,Round 1,Jacobe Smith,1,12 of 23,52%,12 of 23,0 of 0,---,0,0,0:11,8 of 17,2 of 3,2 of 3,11 of 21,0 of 0,1 of 2
UFC Fight Night: Dern vs. Ribas 2,Ernesta Kareckaite vs. Nicolle Caliari,Round 1,Ernesta Kareckaite,0,27 of 63,42%,35 of 71,0 of 0,---,0,0,0:34,19 of 54,8 of 9,0 of 0,22 of 57,5 of 6,0 of 0
UFC Fight Night: Dern vs. Ribas 2,Ernesta Kareckaite vs. Nicolle Caliari,Round 2,Ernesta Kareckaite,0,36 of 86,41%,45 of 98,0 of 0,---,0,0,0:59,31 of 76,5 of 9,0 of 1,34 of 80,2 of 6,0 of 0
UFC Fight Night: Dern vs. Ribas 2,Ernesta Kareckaite vs. Nicolle Caliari,Round 3,Ernesta Kareckaite,0,32 of 77,41%,46 of 97,0 of 0,---,0,0,0:00,27 of 69,5 of 8,0 of 0,31 of 76,1 of 1,0 of 0
UFC Fight Night: Dern vs. Ribas 2,Ernesta Kareckaite vs. Nicolle Caliari,Round 1,Nicolle Caliari,0,21 of 41,51%,25 of 45,2 of 7,28%,0,0,1:49,13 of 30,5 of 7,3 of 4,18 of 38,3 of 3,0 of 0
UFC Fight Night: Dern vs. Ribas 2,Ernesta Kareckaite vs. Nicolle Caliari,Round 2,Nicolle Caliari,0,24 of 66,36%,28 of 72,0 of 3,0%,0,0,0:00,14 of 52,6 of 9,4 of 5,24 of 66,0 of 0,0 of 0
UFC Fight Night: Dern vs. Ribas 2,Ernesta Kareckaite vs. Nicolle Caliari,Round 3,Nicolle Caliari,0,22 of 59,37%,33 of 77,1 of 4,25%,0,0,1:45,9 of 38,11 of 19,2 of 2,21 of 52,0 of 2,1 of 5
UFC Fight Night: Kattar vs. Ige,Ricardo Ramos vs. Lerone Murphy,Round 1,Ricardo Ramos,0,10 of 29,34%,10 of 29,0 of 2,0%,0,0,0:57,3 of 17,1 of 3,6 of 9,7 of 25,1 of 2,2 of 2
UFC Fight Night: Kattar vs. Ige,Ricardo Ramos vs. Lerone Murphy,Round 1,Lerone Murphy,0,22 of 40,55%,24 of 42,1 of 2,50%,0,0,1:22,14 of 32,5 of 5,3 of 3,3 of 12,2 of 3,17 of 25
UFC Fight Night: Kattar vs. Ige,Modestas Bukauskas vs. Andreas Michailidis,Round 1,Modestas Bukauskas,0,18 of 49,36%,18 of 49,0 of 0,---,0,0,0:00,11 of 40,4 of 6,3 of 3,11 of 42,7 of 7,0 of 0
UFC Fight Night: Kattar vs. Ige,Modestas Bukauskas vs. Andreas Michailidis,Round 1,Andreas Michailidis,0,23 of 46,50%,23 of 46,0 of 1,0%,0,0,0:09,8 of 26,7 of 11,8 of 9,23 of 45,0 of 1,0 of 0
UFC Fight Night: Kattar vs. Ige,Jared Gordon vs. Chris Fishgold,Round 1,Jared Gordon,0,13 of 23,56%,35 of 50,1 of 2,50%,0,0,2:11,8 of 17,3 of 4,2 of 2,8 of 16,2 of 2,3 of 5
UFC Fight Night: Kattar vs. Ige,Jared Gordon vs. Chris Fishgold,Round 2,Jared Gordon,0,2 of 8,25%,75 of 90,1 of 1,100%,0,0,4:31,1 of 7,0 of 0,1 of 1,1 of 4,0 of 0,1 of 4
UFC Fight Night: Kattar vs. Ige,Jared Gordon vs. Chris Fishgold,Round 3,Jared Gordon,0,29 of 38,76%,131 of 142,1 of 3,33%,0,0,3:40,26 of 34,3 of 4,0 of 0,10 of 15,0 of 1,19 of 22
UFC Fight Night: Kattar vs. Ige,Jared Gordon vs. Chris Fishgold,Round 1,Chris Fishgold,0,12 of 23,52%,13 of 24,0 of 0,---,1,1,0:43,6 of 15,4 of 6,2 of 2,8 of 18,4 of 5,0 of 0
UFC Fight Night: Kattar vs. Ige,Jared Gordon vs. Chris Fishgold,Round 2,Chris Fishgold,0,2 of 9,22%,8 of 15,0 of 0,---,0,0,0:00,2 of 9,0 of 0,0 of 0,2 of 8,0 of 1,0 of 0
UFC Fight Night: Kattar vs. Ige,Jared Gordon vs. Chris Fishgold,Round 3,Chris Fishgold,0,6 of 26,23%,6 of 26,0 of 1,0%,0,0,0:00,5 of 25,1 of 1,0 of 0,6 of 26,0 of 0,0 of 0
UFC Fight Night: Kattar vs. Ige,Diana Belbita vs. Liana Jojua,Round 1,Diana Belbita,0,5 of 9,55%,6 of 11,1 of 2,50%,0,0,1:34,3 of 6,2 of 3,0 of 0,3 of 5,2 of 4,0 of 0
UFC Fight Night: Kattar vs. Ige,Diana Belbita vs. Liana Jojua,Round 1,Liana Jojua,0,2 of 3,66%,3 of 4,0 of 0,---,3,0,0:52,1 of 2,1 of 1,0 of 0,1 of 2,1 of 1,0 of 0
UFC Fight Night: Poirier vs. Hooker,Jordan Griffin vs. Youssef Zalal,Round 1,Jordan Griffin,0,3 of 19,15%,3 of 19,1 of 2,50%,0,0,1:54,3 of 19,0 of 0,0 of 0,3 of 19,0 of 0,0 of 0
UFC Fight Night: Poirier vs. Hooker,Jordan Griffin vs. Youssef Zalal,Round 2,Jordan Griffin,0,8 of 24,33%,12 of 28,0 of 1,0%,0,1,1:55,7 of 23,1 of 1,0 of 0,8 of 22,0 of 0,0 of 2
UFC Fight Night: Poirier vs. Hooker,Jordan Griffin vs. Youssef Zalal,Round 3,Jordan Griffin,0,17 of 26,65%,18 of 27,1 of 5,20%,0,0,1:45,16 of 25,1 of 1,0 of 0,17 of 26,0 of 0,0 of 0
UFC Fight Night: Poirier vs. Hooker,Jordan Griffin vs. Youssef Zalal,Round 1,Youssef Zalal,0,11 of 29,37%,12 of 30,0 of 1,0%,0,0,1:13,7 of 18,0 of 4,4 of 7,11 of 29,0 of 0,0 of 0
UFC Fight Night: Poirier vs. Hooker,Jordan Griffin vs. Youssef Zalal,Round 2,Youssef Zalal,0,13 of 31,41%,22 of 40,0 of 0,---,0,1,1:39,7 of 23,5 of 7,1 of 1,9 of 26,4 of 4,0 of 1
UFC Fight Night: Poirier vs. Hooker,Jordan Griffin vs. Youssef Zalal,Round 3,Youssef Zalal,0,35 of 52,67%,36 of 53,0 of 1,0%,0,0,1:31,28 of 44,6 of 7,1 of 1,27 of 43,8 of 8,0 of 1
UFC Fight Night: Blaydes vs. Volkov,Curtis Blaydes vs. Alexander Volkov,Round 1,Curtis Blaydes,0,27 of 32,84%,37 of 46,5 of 6,83%,0,0,4:52,5 of 8,0 of 0,22 of 24,0 of 1,1 of 1,26 of 30
UFC Fight Night: Blaydes vs. Volkov,Curtis Blaydes vs. Alexander Volkov,Round 2,Curtis Blaydes,0,17 of 24,70%,27 of 39,3 of 4,75%,0,0,4:02,11 of 17,2 of 3,4 of 4,13 of 19,1 of 1,3 of 4
UFC Fight Night: Blaydes vs. Volkov,Curtis Blaydes vs. Alexander Volkov,Round 3,Curtis Blaydes,0,13 of 22,59%,20 of 32,1 of 4,25%,0,0,3:53,8 of 16,3 of 4,2 of 2,9 of 16,0 of 0,4 of 6
UFC Fight Night: Blaydes vs. Volkov,Curtis Blaydes vs. Alexander Volkov,Round 4,Curtis Blaydes,0,5 of 10,50%,15 of 23,3 of 6,50%,0,0,3:39,5 of 10,0 of 0,0 of 0,3 of 7,2 of 2,0 of 1
UFC Fight Night: Blaydes vs. Volkov,Curtis Blaydes vs. Alexander Volkov,Round 5,Curtis Blaydes,0,7 of 11,63%,17 of 23,2 of 5,40%,0,0,3:26,5 of 9,2 of 2,0 of 0,5 of 9,2 of 2,0 of 0
UFC Fight Night: Blaydes vs. Volkov,Curtis Blaydes vs. Alexander Volkov,Round 1,Alexander Volkov,0,1 of 1,100%,2 of 2,0 of 0,---,0,0,0:00,1 of 1,0 of 0,0 of 0,1 of 1,0 of 0,0 of 0
UFC Fight Night: Blaydes vs. Volkov,Curtis Blaydes vs. Alexander Volkov,Round 2,Alexander Volkov,0,7 of 15,46%,15 of 23,0 of 0,---,0,0,0:00,4 of 9,1 of 4,2 of 2,7 of 15,0 of 0,0 of 0
UFC Fight Night: Blaydes vs. Volkov,Curtis Blaydes vs. Alexander Volkov,Round 3,Alexander Volkov,0,5 of 13,38%,6 of 14,0 of 0,---,0,0,0:06,3 of 9,1 of 3,1 of 1,5 of 13,0 of 0,0 of 0
UFC Fight Night: Blaydes vs. Volkov,Curtis Blaydes vs. Alexander Volkov,Round 4,Alexander Volkov,0,12 of 23,52%,37 of 48,1 of 2,50%,0,0,0:26,9 of 20,3 of 3,0 of 0,12 of 22,0 of 1,0 of 0
UFC Fight Night: Blaydes vs. Volkov,Curtis Blaydes vs. Alexander Volkov,Round 5,Alexander Volkov,0,6 of 25,24%,67 of 90,0 of 0,---,0,0,0:14,5 of 23,1 of 2,0 of 0,6 of 25,0 of 0,0 of 0
UFC Fight Night: Stephens vs. Choi,Kyung Ho Kang vs. Guido Cannetti,Round 1,Kyung Ho Kang,0,3 of 11,27%,28 of 36,1 of 2,50%,1,0,0:38,3 of 9,0 of 2,0 of 0,1 of 8,1 of 1,1 of 2
UFC Fight Night: Stephens vs. Choi,Kyung Ho Kang vs. Guido Cannetti,Round 1,Guido Cannetti,0,19 of 39,48%,22 of 42,1 of 2,50%,0,0,1:27,12 of 29,4 of 7,3 of 3,9 of 29,5 of 5,5 of 5
UFC Fight Night: Stephens vs. Choi,Kalindra Faria vs. Jessica Eye,Round 1,Kalindra Faria,0,17 of 28,60%,21 of 34,1 of 1,100%,1,0,0:48,14 of 24,2 of 3,1 of 1,7 of 16,3 of 4,7 of 8
UFC Fight Night: Stephens vs. Choi,Kalindra Faria vs. Jessica Eye,Round 2,Kalindra Faria,0,4 of 4,100%,7 of 12,0 of 0,---,0,0,0:00,2 of 2,2 of 2,0 of 0,0 of 0,2 of 2,2 of 2
UFC Fight Night: Stephens vs. Choi,Kalindra Faria vs. Jessica Eye,Round 3,Kalindra Faria,0,17 of 38,44%,24 of 45,0 of 1,0%,0,0,0:15,12 of 32,2 of 3,3 of 3,11 of 32,2 of 2,4 of 4
UFC Fight Night: Stephens vs. Choi,Kalindra Faria vs. Jessica Eye,Round 1,Jessica Eye,0,7 of 14,50%,20 of 31,0 of 1,0%,6,0,0:00,6 of 12,1 of 2,0 of 0,4 of 10,1 of 1,2 of 3
UFC Fight Night: Stephens vs. Choi,Kalindra Faria vs. Jessica Eye,Round 2,Jessica Eye,0,5 of 6,83%,11 of 13,1 of 1,100%,0,0,4:40,3 of 4,0 of 0,2 of 2,0 of 0,2 of 2,3 of 4
UFC Fight Night: Stephens vs. Choi,Kalindra Faria vs. Jessica Eye,Round 3,Jessica Eye,0,13 of 29,44%,22 of 42,2 of 2,100%,0,0,1:44,11 of 26,1 of 2,1 of 1,11 of 25,0 of 0,2 of 4
UFC Fight Night: Stephens vs. Choi,Danielle Taylor vs. JJ Aldrich,Round 1,Danielle Taylor,0,7 of 38,18%,27 of 59,0 of 0,---,0,0,0:00,2 of 27,2 of 6,3 of 5,6 of 37,0 of 0,1 of 1
UFC Fight Night: Stephens vs. Choi,Danielle Taylor vs. JJ Aldrich,Round 2,Danielle Taylor,0,17 of 56,30%,23 of 62,0 of 0,---,0,0,0:00,9 of 44,4 of 8,4 of 4,15 of 51,2 of 5,0 of 0
UFC Fight Night: Stephens vs. Choi,Danielle Taylor vs. JJ Aldrich,Round 3,Danielle Taylor,0,14 of 42,33%,14 of 42,0 of 1,0%,0,0,0:00,10 of 36,2 of 3,2 of 3,14 of 41,0 of 1,0 of 0
UFC Fight Night: Stephens vs. Choi,Danielle Taylor vs. JJ Aldrich,Round 1,JJ Aldrich,0,8 of 34,23%,21 of 48,1 of 3,33%,0,0,1:48,7 of 30,0 of 3,1 of 1,7 of 32,1 of 1,0 of 1
UFC Fight Night: Stephens vs. Choi,Danielle Taylor vs. JJ Aldrich,Round 2,JJ Aldrich,0,20 of 52,38%,20 of 52,0 of 1,0%,0,0,0:04,17 of 47,3 of 4,0 of 1,18 of 49,2 of 3,0 of 0
UFC Fight Night: Stephens vs. Choi,Danielle Taylor vs. JJ Aldrich,Round 3,JJ Aldrich,0,26 of 64,40%,26 of 64,0 of 1,0%,0,0,0:00,23 of 60,2 of 3,1 of 1,23 of 61,3 of 3,0 of 0
UFC Fight Night: Stephens vs. Choi,Mads Burnell vs. Mike Santiago,Round 1,Mads Burnell,0,1 of 1,100%,19 of 30,1 of 4,25%,0,0,2:24,1 of 1,0 of 0,0 of 0,0 of 0,0 of 0,1 of 1
UFC Fight Night: Stephens vs. Choi,Mads Burnell vs. Mike Santiago,Round 2,Mads Burnell,0,13 of 22,59%,29 of 49,1 of 1,100%,1,1,2:14,13 of 22,0 of 0,0 of 0,4 of 11,0 of 0,9 of 11
UFC Fight Night: Stephens vs. Choi,Mads Burnell vs. Mike Santiago,Round 3,Mads Burnell,0,6 of 11,54%,62 of 90,1 of 2,50%,0,0,4:35,6 of 11,0 of 0,0 of 0,1 of 4,1 of 1,4 of 6
UFC Fight Night: Stephens vs. Choi,Mads Burnell vs. Mike Santiago,Round 1,Mike Santiago,0,17 of 27,62%,28 of 39,2 of 2,100%,2,1,2:16,14 of 21,0 of 1,3 of 5,1 of 5,10 of 13,6 of 9
UFC Fight Night: Stephens vs. Choi,Mads Burnell vs. Mike Santiago,Round 2,Mike Santiago,0,17 of 25,68%,24 of 34,1 of 1,100%,0,0,2:13,12 of 20,3 of 3,2 of 2,10 of 15,2 of 2,5 of 8
UFC Fight Night: Stephens vs. Choi,Mads Burnell vs. Mike Santiago,Round 3,Mike Santiago,0,17 of 27,62%,43 of 54,0 of 0,---,0,0,0:02,8 of 15,8 of 10,1 of 2,2 of 9,10 of 13,5 of 5
UFC 219: Cyborg vs. Holm,Cristiane Justino vs. Holly Holm,Round 1,Cristiane Justino,0,16 of 31,51%,20 of 35,0 of 0,---,0,0,0:00,10 of 20,2 of 4,4 of 7,14 of 28,2 of 3,0 of 0
UFC 219: Cyborg vs. Holm,Cristiane Justino vs. Holly Holm,Round 2,Cristiane Justino,0,21 of 43,48%,25 of 48,0 of 0,---,0,0,0:07,13 of 35,5 of 5,3 of 3,18 of 40,3 of 3,0 of 0
UFC 219: Cyborg vs. Holm,Cristiane Justino vs. Holly Holm,Round 3,Cristiane Justino,0,22 of 47,46%,23 of 48,0 of 0,---,0,0,0:20,13 of 36,6 of 8,3 of 3,18 of 43,4 of 4,0 of 0
UFC 219: Cyborg vs. Holm,Cristiane Justino vs. Holly Holm,Round 4,Cristiane Justino,0,20 of 42,47%,21 of 43,0 of 0,---,0,0,0:00,12 of 32,6 of 8,2 of 2,19 of 41,1 of 1,0 of 0
UFC 219: Cyborg vs. Holm,Cristiane Justino vs. Holly Holm,Round 5,Cristiane Justino,0,39 of 60,65%,42 of 63,0 of 0,---,0,0,0:17,22 of 41,10 of 12,7 of 7,32 of 53,7 of 7,0 of 0
UFC 219: Cyborg vs. Holm,Cristiane Justino vs. Holly Holm,Round 1,Holly Holm,0,5 of 28,17%,5 of 28,0 of 0,---,0,0,1:07,3 of 26,2 of 2,0 of 0,5 of 28,0 of 0,0 of 0
UFC 219: Cyborg vs. Holm,Cristiane Justino vs. Holly Holm,Round 2,Holly Holm,0,4 of 33,12%,7 of 37,0 of 0,---,0,0,1:16,4 of 29,0 of 1,0 of 3,3 of 32,1 of 1,0 of 0
UFC 219: Cyborg vs. Holm,Cristiane Justino vs. Holly Holm,Round 3,Holly Holm,0,6 of 45,13%,6 of 45,0 of 0,---,0,0,0:01,5 of 39,0 of 3,1 of 3,6 of 44,0 of 1,0 of 0
UFC 219: Cyborg vs. Holm,Cristiane Justino vs. Holly Holm,Round 4,Holly Holm,0,9 of 51,17%,9 of 51,0 of 0,---,0,0,0:19,7 of 45,1 of 3,1 of 3,9 of 51,0 of 0,0 of 0
UFC 219: Cyborg vs. Holm,Cristiane Justino vs. Holly Holm,Round 5,Holly Holm,0,20 of 70,28%,21 of 71,0 of 0,---,0,0,0:41,14 of 64,5 of 5,1 of 1,20 of 70,0 of 0,0 of 0
UFC 219: Cyborg vs. Holm,Khabib Nurmagomedov vs. Edson Barboza,Round 1,Khabib Nurmagomedov,0,36 of 68,52%,50 of 83,1 of 3,33%,0,0,3:44,31 of 63,5 of 5,0 of 0,5 of 22,0 of 0,31 of 46
UFC 219: Cyborg vs. Holm,Khabib Nurmagomedov vs. Edson Barboza,Round 2,Khabib Nurmagomedov,0,31 of 60,51%,59 of 89,1 of 4,25%,0,0,3:29,26 of 53,3 of 5,2 of 2,15 of 41,2 of 2,14 of 17
UFC 219: Cyborg vs. Holm,Khabib Nurmagomedov vs. Edson Barboza,Round 3,Khabib Nurmagomedov,0,22 of 49,44%,45 of 74,2 of 6,33%,0,0,3:19,20 of 46,0 of 1,2 of 2,12 of 33,0 of 1,10 of 15
UFC 219: Cyborg vs. Holm,Khabib Nurmagomedov vs. Edson Barboza,Round 1,Edson Barboza,0,10 of 19,52%,10 of 20,0 of 0,---,0,0,0:00,0 of 6,4 of 6,6 of 7,10 of 19,0 of 0,0 of 0
UFC 219: Cyborg vs. Holm,Khabib Nurmagomedov vs. Edson Barboza,Round 2,Edson Barboza,0,9 of 26,34%,9 of 26,0 of 0,---,0,0,0:00,4 of 17,5 of 9,0 of 0,8 of 25,1 of 1,0 of 0
UFC 219: Cyborg vs. Holm,Khabib Nurmagomedov vs. Edson Barboza,Round 3,Edson Barboza,0,6 of 31,19%,6 of 31,0 of 0,---,0,0,0:00,2 of 24,2 of 4,2 of 3,5 of 30,1 of 1,0 of 0
UFC 219: Cyborg vs. Holm,Dan Hooker vs. Marc Diakiese,Round 1,Dan Hooker,0,7 of 18,38%,8 of 19,1 of 1,100%,0,0,0:16,1 of 6,2 of 6,4 of 6,7 of 18,0 of 0,0 of 0
UFC 219: Cyborg vs. Holm,Dan Hooker vs. Marc Diakiese,Round 2,Dan Hooker,0,5 of 12,41%,11 of 19,1 of 2,50%,0,0,2:55,1 of 6,1 of 3,3 of 3,5 of 12,0 of 0,0 of 0
UFC 219: Cyborg vs. Holm,Dan Hooker vs. Marc Diakiese,Round 3,Dan Hooker,0,5 of 10,50%,5 of 10,0 of 0,---,1,0,0:01,1 of 4,0 of 1,4 of 5,5 of 10,0 of 0,0 of 0
UFC 219: Cyborg vs. Holm,Dan Hooker vs. Marc Diakiese,Round 1,Marc Diakiese,0,6 of 28,21%,6 of 28,0 of 2,0%,0,0,0:00,0 of 7,2 of 5,4 of 16,6 of 28,0 of 0,0 of 0
UFC 219: Cyborg vs. Holm,Dan Hooker vs. Marc Diakiese,Round 2,Marc Diakiese,0,9 of 21,42%,26 of 39,0 of 2,0%,0,1,0:20,3 of 12,1 of 2,5 of 7,8 of 20,1 of 1,0 of 0
UFC 219: Cyborg vs. Holm,Dan Hooker vs. Marc Diakiese,Round 3,Marc Diakiese,0,9 of 20,45%,9 of 20,0 of 1,0%,0,0,0:03,6 of 15,1 of 2,2 of 3,9 of 20,0 of 0,0 of 0
UFC 219: Cyborg vs. Holm,Cynthia Calvillo vs. Carla Esparza,Round 1,Cynthia Calvillo,0,11 of 17,64%,28 of 34,1 of 1,100%,0,0,3:53,10 of 16,1 of 1,0 of 0,0 of 4,0 of 0,11 of 13
UFC 219: Cyborg vs. Holm,Cynthia Calvillo vs. Carla Esparza,Round 2,Cynthia Calvillo,0,16 of 40,40%,17 of 41,0 of 1,0%,0,0,0:00,14 of 37,2 of 2,0 of 1,13 of 37,3 of 3,0 of 0
UFC 219: Cyborg vs. Holm,Cynthia Calvillo vs. Carla Esparza,Round 3,Cynthia Calvillo,0,11 of 55,20%,12 of 56,0 of 1,0%,0,0,0:30,11 of 53,0 of 1,0 of 1,10 of 54,1 of 1,0 of 0
UFC 219: Cyborg vs. Holm,Cynthia Calvillo vs. Carla Esparza,Round 1,Carla Esparza,0,6 of 19,31%,16 of 30,0 of 0,---,1,1,0:11,5 of 18,0 of 0,1 of 1,3 of 14,0 of 0,3 of 5
UFC 219: Cyborg vs. Holm,Cynthia Calvillo vs. Carla Esparza,Round 2,Carla Esparza,0,20 of 47,42%,21 of 48,2 of 4,50%,0,0,0:09,10 of 36,3 of 4,7 of 7,17 of 41,2 of 5,1 of 1
UFC 219: Cyborg vs. Holm,Cynthia Calvillo vs. Carla Esparza,Round 3,Carla Esparza,0,22 of 72,30%,25 of 75,0 of 5,0%,0,0,0:01,12 of 60,0 of 1,10 of 11,21 of 70,1 of 2,0 of 0
UFC 219: Cyborg vs. Holm,Carlos Condit vs. Neil Magny,Round 1,Carlos Condit,0,10 of 31,32%,18 of 40,0 of 0,---,0,0,0:20,3 of 20,2 of 5,5 of 6,7 of 27,3 of 4,0 of 0
UFC 219: Cyborg vs. Holm,Carlos Condit vs. Neil Magny,Round 2,Carlos Condit,0,10 of 20,50%,28 of 38,0 of 0,---,0,0,0:17,3 of 11,3 of 5,4 of 4,8 of 18,2 of 2,0 of 0
UFC 219: Cyborg vs. Holm,Carlos Condit vs. Neil Magny,Round 3,Carlos Condit,0,17 of 61,27%,18 of 62,0 of 0,---,0,0,0:07,4 of 38,5 of 11,8 of 12,17 of 58,0 of 3,0 of 0
UFC 219: Cyborg vs. Holm,Carlos Condit vs. Neil Magny,Round 1,Neil Magny,0,9 of 35,25%,15 of 42,2 of 3,66%,0,0,1:39,3 of 23,6 of 9,0 of 3,6 of 29,2 of 4,1 of 2
UFC 219: Cyborg vs. Holm,Carlos Condit vs. Neil Magny,Round 2,Neil Magny,0,6 of 23,26%,27 of 47,3 of 4,75%,0,0,2:48,2 of 18,3 of 3,1 of 2,4 of 20,2 of 3,0 of 0
UFC 219: Cyborg vs. Holm,Carlos Condit vs. Neil Magny,Round 3,Neil Magny,0,17 of 56,30%,22 of 61,1 of 2,50%,0,0,0:42,9 of 42,4 of 9,4 of 5,14 of 53,2 of 2,1 of 1
UFC 219: Cyborg vs. Holm,Khalil Rountree Jr. vs. Michal Oleksiejczuk,Round 1,Khalil Rountree Jr.,0,26 of 87,29%,26 of 87,0 of 0,---,1,0,0:00,16 of 73,8 of 11,2 of 3,20 of 80,6 of 7,0 of 0
UFC 219: Cyborg vs. Holm,Khalil Rountree Jr. vs. Michal Oleksiejczuk,Round 2,Khalil Rountree Jr.,0,19 of 71,26%,20 of 72,0 of 0,---,0,0,0:00,14 of 58,4 of 10,1 of 3,17 of 69,2 of 2,0 of 0
UFC 219: Cyborg vs. Holm,Khalil Rountree Jr. vs. Michal Oleksiejczuk,Round 3,Khalil Rountree Jr.,0,7 of 22,31%,21 of 39,0 of 0,---,0,0,0:00,7 of 22,0 of 0,0 of 0,7 of 22,0 of 0,0 of 0
UFC 219: Cyborg vs. Holm,Khalil Rountree Jr. vs. Michal Oleksiejczuk,Round 1,Michal Oleksiejczuk,0,33 of 54,61%,35 of 56,1 of 2,50%,0,0,0:00,19 of 39,14 of 15,0 of 0,33 of 53,0 of 1,0 of 0
UFC 219: Cyborg vs. Holm,Khalil Rountree Jr. vs. Michal Oleksiejczuk,Round 2,Michal Oleksiejczuk,0,36 of 66,54%,36 of 66,0 of 0,---,0,0,0:00,15 of 41,15 of 18,6 of 7,33 of 63,3 of 3,0 of 0
UFC 219: Cyborg vs. Holm,Khalil Rountree Jr. vs. Michal Oleksiejczuk,Round 3,Michal Oleksiejczuk,0,7 of 10,70%,42 of 49,1 of 1,100%,0,0,0:00,6 of 9,0 of 0,1 of 1,1 of 4,0 of 0,6 of 6
UFC 219: Cyborg vs. Holm,Myles Jury vs. Ricky Glenn,Round 1,Myles Jury,0,15 of 32,46%,23 of 41,0 of 0,---,0,1,0:51,9 of 16,6 of 14,0 of 2,13 of 29,1 of 2,1 of 1
UFC 219: Cyborg vs. Holm,Myles Jury vs. Ricky Glenn,Round 2,Myles Jury,0,8 of 19,42%,12 of 24,1 of 1,100%,0,0,3:13,5 of 14,3 of 4,0 of 1,5 of 15,1 of 1,2 of 3
UFC 219: Cyborg vs. Holm,Myles Jury vs. Ricky Glenn,Round 3,Myles Jury,0,18 of 32,56%,21 of 35,1 of 2,50%,0,0,0:41,13 of 26,5 of 6,0 of 0,11 of 23,5 of 5,2 of 4
UFC 219: Cyborg vs. Holm,Myles Jury vs. Ricky Glenn,Round 1,Ricky Glenn,0,5 of 23,21%,5 of 24,0 of 3,0%,0,0,0:31,1 of 11,1 of 6,3 of 6,5 of 23,0 of 0,0 of 0
UFC 219: Cyborg vs. Holm,Myles Jury vs. Ricky Glenn,Round 2,Ricky Glenn,0,3 of 17,17%,12 of 28,0 of 1,0%,0,0,0:43,2 of 13,1 of 3,0 of 1,0 of 13,1 of 2,2 of 2
UFC 219: Cyborg vs. Holm,Myles Jury vs. Ricky Glenn,Round 3,Ricky Glenn,0,6 of 43,13%,12 of 50,0 of 0,---,0,0,0:53,3 of 29,2 of 12,1 of 2,5 of 40,1 of 3,0 of 0
UFC 219: Cyborg vs. Holm,Marvin Vettori vs. Omari Akhmedov,Round 1,Marvin Vettori,0,18 of 52,34%,18 of 52,0 of 1,0%,0,0,0:00,14 of 46,2 of 4,2 of 2,18 of 52,0 of 0,0 of 0
UFC 219: Cyborg vs. Holm,Marvin Vettori vs. Omari Akhmedov,Round 2,Marvin Vettori,0,8 of 28,28%,11 of 31,0 of 0,---,2,0,0:42,7 of 27,1 of 1,0 of 0,8 of 26,0 of 2,0 of 0
UFC 219: Cyborg vs. Holm,Marvin Vettori vs. Omari Akhmedov,Round 3,Marvin Vettori,0,40 of 81,49%,56 of 98,0 of 0,---,0,0,1:22,35 of 76,5 of 5,0 of 0,29 of 61,7 of 13,4 of 7
UFC 219: Cyborg vs. Holm,Marvin Vettori vs. Omari Akhmedov,Round 1,Omari Akhmedov,0,21 of 88,23%,21 of 88,0 of 1,0%,0,0,0:06,17 of 81,3 of 4,1 of 3,20 of 86,1 of 2,0 of 0
UFC 219: Cyborg vs. Holm,Marvin Vettori vs. Omari Akhmedov,Round 2,Omari Akhmedov,0,17 of 38,44%,20 of 41,0 of 0,---,0,0,1:19,10 of 28,2 of 3,5 of 7,17 of 38,0 of 0,0 of 0
UFC 219: Cyborg vs. Holm,Marvin Vettori vs. Omari Akhmedov,Round 3,Omari Akhmedov,0,13 of 48,27%,14 of 49,0 of 1,0%,0,0,0:07,12 of 43,1 of 4,0 of 1,13 of 47,0 of 1,0 of 0
The Ultimate Fighter: American Top Team vs. Blackzilians Finale,Angela Magana vs. Michelle Waterson-Gomez,Round 1,Angela Magana,0,4 of 7,57%,13 of 16,0 of 0,---,1,0,3:29,1 of 4,2 of 2,1 of 1,2 of 4,2 of 3,0 of 0
The Ultimate Fighter: American Top Team vs. Blackzilians Finale,Angela Magana vs. Michelle Waterson-Gomez,Round 2,Angela Magana,0,3 of 10,30%,5 of 13,1 of 1,100%,0,0,2:55,2 of 8,0 of 1,1 of 1,3 of 10,0 of 0,0 of 0
The Ultimate Fighter: American Top Team vs. Blackzilians Finale,Angela Magana vs. Michelle Waterson-Gomez,Round 3,Angela Magana,0,1 of 7,14%,1 of 7,0 of 0,---,0,0,1:31,0 of 5,0 of 1,1 of 1,1 of 7,0 of 0,0 of 0
The Ultimate Fighter: American Top Team vs. Blackzilians Finale,Angela Magana vs. Michelle Waterson-Gomez,Round 1,Michelle Waterson-Gomez,0,10 of 10,100%,23 of 23,2 of 2,100%,1,0,1:19,4 of 4,5 of 5,1 of 1,1 of 1,6 of 6,3 of 3
The Ultimate Fighter: American Top Team vs. Blackzilians Finale,Angela Magana vs. Michelle Waterson-Gomez,Round 2,Michelle Waterson-Gomez,0,20 of 29,68%,44 of 56,0 of 0,---,2,0,0:38,9 of 18,6 of 6,5 of 5,13 of 18,2 of 2,5 of 9
The Ultimate Fighter: American Top Team vs. Blackzilians Finale,Angela Magana vs. Michelle Waterson-Gomez,Round 3,Michelle Waterson-Gomez,0,17 of 21,80%,35 of 41,1 of 1,100%,1,0,0:00,12 of 15,4 of 5,1 of 1,11 of 14,1 of 1,5 of 6
UFC Fight Night: Edgar vs Faber,Zhang Lipeng vs. Kajan Johnson,Round 1,Zhang Lipeng,0,4 of 11,36%,15 of 24,1 of 1,100%,0,0,1:22,0 of 7,2 of 2,2 of 2,2 of 4,2 of 2,0 of 5
UFC Fight Night: Edgar vs Faber,Zhang Lipeng vs. Kajan Johnson,Round 2,Zhang Lipeng,0,7 of 20,35%,15 of 29,0 of 0,---,0,0,0:15,2 of 14,2 of 2,3 of 4,6 of 17,0 of 1,1 of 2
UFC Fight Night: Edgar vs Faber,Zhang Lipeng vs. Kajan Johnson,Round 3,Zhang Lipeng,0,9 of 16,56%,21 of 28,0 of 1,0%,0,0,0:54,4 of 10,0 of 0,5 of 6,5 of 11,4 of 5,0 of 0
UFC Fight Night: Edgar vs Faber,Zhang Lipeng vs. Kajan Johnson,Round 1,Kajan Johnson,0,6 of 13,46%,6 of 13,0 of 3,0%,0,0,2:07,4 of 10,2 of 3,0 of 0,4 of 10,2 of 3,0 of 0
UFC Fight Night: Edgar vs Faber,Zhang Lipeng vs. Kajan Johnson,Round 2,Kajan Johnson,0,9 of 28,32%,9 of 28,1 of 3,33%,0,0,2:04,4 of 19,0 of 3,5 of 6,2 of 17,4 of 5,3 of 6
UFC Fight Night: Edgar vs Faber,Zhang Lipeng vs. Kajan Johnson,Round 3,Kajan Johnson,0,5 of 10,50%,8 of 13,2 of 5,40%,1,0,2:14,2 of 7,0 of 0,3 of 3,2 of 7,3 of 3,0 of 0
UFC Fight Night: Edgar vs Faber,Li Jingliang vs. Dhiego Lima,Round 1,Li Jingliang,1,13 of 39,33%,13 of 39,0 of 0,---,0,0,0:12,13 of 38,0 of 0,0 of 1,4 of 24,0 of 0,9 of 15
UFC Fight Night: Edgar vs Faber,Li Jingliang vs. Dhiego Lima,Round 1,Dhiego Lima,0,6 of 16,37%,6 of 16,0 of 0,---,0,0,0:00,5 of 14,1 of 2,0 of 0,6 of 16,0 of 0,0 of 0
UFC Fight Night: Edgar vs Faber,Guangyou Ning vs. Royston Wee,Round 1,Guangyou Ning,0,15 of 37,40%,28 of 55,2 of 2,100%,0,0,2:17,10 of 27,2 of 5,3 of 5,13 of 32,0 of 1,2 of 4
UFC Fight Night: Edgar vs Faber,Guangyou Ning vs. Royston Wee,Round 2,Guangyou Ning,0,31 of 55,56%,49 of 75,0 of 0,---,0,0,0:54,20 of 41,6 of 8,5 of 6,26 of 50,0 of 0,5 of 5
UFC Fight Night: Edgar vs Faber,Guangyou Ning vs. Royston Wee,Round 1,Royston Wee,0,9 of 13,69%,18 of 22,0 of 0,---,0,0,0:00,2 of 5,2 of 2,5 of 6,9 of 13,0 of 0,0 of 0
UFC Fight Night: Edgar vs Faber,Guangyou Ning vs. Royston Wee,Round 2,Royston Wee,0,9 of 19,47%,11 of 21,0 of 0,---,0,0,0:00,1 of 10,4 of 4,4 of 5,9 of 19,0 of 0,0 of 0
UFC Fight Night: Edgar vs Faber,Roldan Sangcha'an vs. Jon Delos Reyes,Round 1,Roldan Sangcha'an,0,11 of 16,68%,16 of 22,2 of 3,66%,0,0,2:15,5 of 10,4 of 4,2 of 2,3 of 5,4 of 5,4 of 6
UFC Fight Night: Edgar vs Faber,Roldan Sangcha'an vs. Jon Delos Reyes,Round 2,Roldan Sangcha'an,0,16 of 38,42%,16 of 39,0 of 0,---,0,0,0:00,10 of 30,4 of 6,2 of 2,9 of 26,7 of 11,0 of 1
UFC Fight Night: Edgar vs Faber,Roldan Sangcha'an vs. Jon Delos Reyes,Round 1,Jon Delos Reyes,0,6 of 15,40%,15 of 24,1 of 1,100%,1,1,2:12,3 of 11,2 of 3,1 of 1,0 of 4,1 of 4,5 of 7
UFC Fight Night: Edgar vs Faber,Roldan Sangcha'an vs. Jon Delos Reyes,Round 2,Jon Delos Reyes,1,17 of 39,43%,21 of 43,0 of 0,---,2,0,2:08,15 of 35,2 of 4,0 of 0,7 of 22,4 of 4,6 of 13
UFC Fight Night: Edgar vs Faber,Nolan Ticman vs. Yao Zhikui,Round 1,Nolan Ticman,0,9 of 33,27%,9 of 33,0 of 1,0%,0,0,0:00,6 of 26,3 of 7,0 of 0,9 of 33,0 of 0,0 of 0
UFC Fight Night: Edgar vs Faber,Nolan Ticman vs. Yao Zhikui,Round 2,Nolan Ticman,0,8 of 27,29%,8 of 27,0 of 1,0%,0,0,0:00,6 of 23,1 of 2,1 of 2,6 of 23,2 of 4,0 of 0
UFC Fight Night: Edgar vs Faber,Nolan Ticman vs. Yao Zhikui,Round 3,Nolan Ticman,0,35 of 49,71%,35 of 49,0 of 3,0%,0,1,1:38,12 of 24,2 of 3,21 of 22,5 of 17,23 of 24,7 of 8
UFC Fight Night: Edgar vs Faber,Nolan Ticman vs. Yao Zhikui,Round 1,Yao Zhikui,0,3 of 47,6%,3 of 47,0 of 1,0%,0,0,0:00,3 of 45,0 of 2,0 of 0,3 of 47,0 of 0,0 of 0
UFC Fight Night: Edgar vs Faber,Nolan Ticman vs. Yao Zhikui,Round 2,Yao Zhikui,0,5 of 39,12%,5 of 39,0 of 3,0%,0,0,0:36,3 of 37,1 of 1,1 of 1,2 of 32,3 of 7,0 of 0
UFC Fight Night: Edgar vs Faber,Nolan Ticman vs. Yao Zhikui,Round 3,Yao Zhikui,0,1 of 22,4%,4 of 26,1 of 2,50%,0,0,0:03,1 of 22,0 of 0,0 of 0,1 of 21,0 of 1,0 of 0
UFC Fight Night: Fight for the Troops 3,Tim Kennedy vs. Rafael Natal,Round 1,Tim Kennedy,1,13 of 31,41%,13 of 31,0 of 0,---,0,0,0:02,7 of 24,1 of 2,5 of 5,9 of 27,0 of 0,4 of 4
UFC Fight Night: Fight for the Troops 3,Tim Kennedy vs. Rafael Natal,Round 1,Rafael Natal,0,13 of 35,37%,13 of 35,0 of 1,0%,0,0,0:00,5 of 21,2 of 6,6 of 8,13 of 35,0 of 0,0 of 0
UFC 154: St-Pierre vs Condit,Steven Siler vs. Darren Elkins,Round 1,Steven Siler,0,4 of 14,28%,16 of 26,0 of 0,---,0,0,0:06,1 of 10,1 of 1,2 of 3,3 of 12,1 of 2,0 of 0
UFC 154: St-Pierre vs Condit,Steven Siler vs. Darren Elkins,Round 2,Steven Siler,0,3 of 7,42%,24 of 30,0 of 0,---,0,0,0:00,2 of 6,0 of 0,1 of 1,2 of 3,1 of 4,0 of 0
UFC 154: St-Pierre vs Condit,Steven Siler vs. Darren Elkins,Round 3,Steven Siler,0,8 of 27,29%,21 of 40,0 of 0,---,1,0,0:08,5 of 24,3 of 3,0 of 0,4 of 22,3 of 4,1 of 1
UFC 154: St-Pierre vs Condit,Steven Siler vs. Darren Elkins,Round 1,Darren Elkins,0,20 of 39,51%,36 of 59,2 of 2,100%,2,0,3:55,15 of 30,3 of 7,2 of 2,4 of 18,7 of 9,9 of 12
UFC 154: St-Pierre vs Condit,Steven Siler vs. Darren Elkins,Round 2,Darren Elkins,0,7 of 16,43%,45 of 58,1 of 1,100%,4,0,4:42,7 of 16,0 of 0,0 of 0,0 of 3,0 of 0,7 of 13
UFC 154: St-Pierre vs Condit,Steven Siler vs. Darren Elkins,Round 3,Darren Elkins,0,17 of 36,47%,22 of 42,3 of 4,75%,0,0,2:45,14 of 30,2 of 5,1 of 1,6 of 13,4 of 7,7 of 16
UFC Macao: Franklin vs Le,Rich Franklin vs. Cung Le,Round 1,Rich Franklin,0,12 of 21,57%,12 of 21,0 of 0,---,0,0,0:00,6 of 14,0 of 0,6 of 7,12 of 21,0 of 0,0 of 0
UFC Macao: Franklin vs Le,Rich Franklin vs. Cung Le,Round 1,Cung Le,1,8 of 16,50%,8 of 16,0 of 0,---,0,0,0:02,4 of 11,2 of 3,2 of 2,8 of 16,0 of 0,0 of 0
UFC Macao: Franklin vs Le,Thiago Silva vs. Stanislav Nedkov,Round 1,Thiago Silva,0,22 of 31,70%,51 of 68,0 of 0,---,0,0,0:01,7 of 11,3 of 6,12 of 14,5 of 6,17 of 25,0 of 0
UFC Macao: Franklin vs Le,Thiago Silva vs. Stanislav Nedkov,Round 2,Thiago Silva,0,24 of 36,66%,45 of 58,0 of 0,---,0,0,0:00,4 of 14,5 of 6,15 of 16,11 of 21,13 of 15,0 of 0
UFC Macao: Franklin vs Le,Thiago Silva vs. Stanislav Nedkov,Round 3,Thiago Silva,0,16 of 28,57%,16 of 28,1 of 1,100%,1,0,0:56,9 of 21,4 of 4,3 of 3,10 of 20,0 of 0,6 of 8
UFC Macao: Franklin vs Le,Thiago Silva vs. Stanislav Nedkov,Round 1,Stanislav Nedkov,0,10 of 37,27%,11 of 39,0 of 2,0%,0,0,3:27,6 of 30,1 of 2,3 of 5,3 of 23,7 of 14,0 of 0
UFC Macao: Franklin vs Le,Thiago Silva vs. Stanislav Nedkov,Round 2,Stanislav Nedkov,1,8 of 25,32%,13 of 32,0 of 2,0%,0,0,2:45,4 of 20,0 of 1,4 of 4,2 of 15,6 of 8,0 of 2
UFC Macao: Franklin vs Le,Thiago Silva vs. Stanislav Nedkov,Round 3,Stanislav Nedkov,0,0 of 8,0%,0 of 8,0 of 0,---,0,0,0:00,0 of 8,0 of 0,0 of 0,0 of 8,0 of 0,0 of 0
UFC Macao: Franklin vs Le,Dong Hyun Kim vs. Paulo Thiago,Round 1,Dong Hyun Kim,0,2 of 2,100%,27 of 34,1 of 2,50%,1,0,4:45,1 of 1,1 of 1,0 of 0,0 of 0,0 of 0,2 of 2
UFC Macao: Franklin vs Le,Dong Hyun Kim vs. Paulo Thiago,Round 2,Dong Hyun Kim,0,4 of 8,50%,11 of 15,1 of 3,33%,1,0,3:56,1 of 2,0 of 1,3 of 5,0 of 2,0 of 0,4 of 6
UFC Macao: Franklin vs Le,Dong Hyun Kim vs. Paulo Thiago,Round 3,Dong Hyun Kim,0,16 of 30,53%,38 of 55,1 of 1,100%,0,0,3:31,16 of 29,0 of 1,0 of 0,0 of 5,0 of 0,16 of 25
UFC Macao: Franklin vs Le,Dong Hyun Kim vs. Paulo Thiago,Round 1,Paulo Thiago,0,0 of 0,---,0 of 0,0 of 0,---,0,0,0:00,0 of 0,0 of 0,0 of 0,0 of 0,0 of 0,0 of 0
UFC Macao: Franklin vs Le,Dong Hyun Kim vs. Paulo Thiago,Round 2,Paulo Thiago,0,2 of 5,40%,2 of 5,0 of 0,---,0,0,0:17,0 of 3,1 of 1,1 of 1,1 of 3,1 of 2,0 of 0
UFC Macao: Franklin vs Le,Dong Hyun Kim vs. Paulo Thiago,Round 3,Paulo Thiago,0,0 of 5,0%,2 of 7,0 of 0,---,0,0,0:00,0 of 4,0 of 1,0 of 0,0 of 5,0 of 0,0 of 0
UFC Macao: Franklin vs Le,Takanori Gomi vs. Mac Danzig,Round 1,Takanori Gomi,0,15 of 50,30%,16 of 51,1 of 1,100%,0,0,0:40,5 of 35,2 of 7,8 of 8,15 of 50,0 of 0,0 of 0
UFC Macao: Franklin vs Le,Takanori Gomi vs. Mac Danzig,Round 2,Takanori Gomi,0,23 of 62,37%,26 of 65,0 of 0,---,0,0,0:23,17 of 53,5 of 7,1 of 2,18 of 57,4 of 4,1 of 1
UFC Macao: Franklin vs Le,Takanori Gomi vs. Mac Danzig,Round 3,Takanori Gomi,1,16 of 28,57%,46 of 59,0 of 1,0%,0,0,3:18,9 of 20,4 of 5,3 of 3,10 of 21,6 of 7,0 of 0
UFC Macao: Franklin vs Le,Takanori Gomi vs. Mac Danzig,Round 1,Mac Danzig,0,23 of 46,50%,36 of 59,1 of 1,100%,0,0,0:18,14 of 32,4 of 7,5 of 7,17 of 36,4 of 5,2 of 5
UFC Macao: Franklin vs Le,Takanori Gomi vs. Mac Danzig,Round 2,Mac Danzig,0,28 of 52,53%,30 of 54,1 of 3,33%,1,0,1:07,24 of 45,3 of 6,1 of 1,26 of 48,1 of 3,1 of 1
UFC Macao: Franklin vs Le,Takanori Gomi vs. Mac Danzig,Round 3,Mac Danzig,0,13 of 24,54%,29 of 42,0 of 1,0%,0,0,0:08,10 of 20,2 of 3,1 of 1,8 of 18,4 of 5,1 of 1
UFC Macao: Franklin vs Le,Zhang Tiequan vs. Jon Tuck,Round 1,Zhang Tiequan,0,2 of 5,40%,5 of 10,1 of 1,100%,0,0,0:34,2 of 5,0 of 0,0 of 0,2 of 5,0 of 0,0 of 0
UFC Macao: Franklin vs Le,Zhang Tiequan vs. Jon Tuck,Round 2,Zhang Tiequan,0,10 of 21,47%,13 of 25,1 of 1,100%,0,0,0:41,9 of 20,0 of 0,1 of 1,10 of 21,0 of 0,0 of 0
UFC Macao: Franklin vs Le,Zhang Tiequan vs. Jon Tuck,Round 3,Zhang Tiequan,0,28 of 67,41%,28 of 67,0 of 0,---,0,0,0:01,22 of 56,2 of 3,4 of 8,28 of 67,0 of 0,0 of 0
UFC Macao: Franklin vs Le,Zhang Tiequan vs. Jon Tuck,Round 1,Jon Tuck,0,5 of 9,55%,30 of 37,0 of 0,---,2,0,3:15,3 of 5,2 of 4,0 of 0,5 of 9,0 of 0,0 of 0
UFC Macao: Franklin vs Le,Zhang Tiequan vs. Jon Tuck,Round 2,Jon Tuck,0,9 of 18,50%,39 of 53,0 of 0,---,0,1,3:28,6 of 15,3 of 3,0 of 0,9 of 18,0 of 0,0 of 0
UFC Macao: Franklin vs Le,Zhang Tiequan vs. Jon Tuck,Round 3,Jon Tuck,0,22 of 55,40%,22 of 55,0 of 0,---,0,0,0:00,15 of 46,5 of 7,2 of 2,21 of 54,1 of 1,0 of 0
UFC 92: The Ultimate 2008,Cheick Kongo vs. Mostapha Al-Turk,Round 1,Cheick Kongo,1,34 of 44,77%,73 of 84,1 of 1,100%,0,0,1:17,23 of 32,2 of 2,9 of 10,6 of 11,6 of 6,22 of 27
UFC 92: The Ultimate 2008,Cheick Kongo vs. Mostapha Al-Turk,Round 1,Mostapha Al-Turk,0,4 of 9,44%,7 of 12,0 of 7,0%,0,0,1:32,0 of 4,1 of 2,3 of 3,1 of 5,3 of 4,0 of 0
UFC 92: The Ultimate 2008,Yushin Okami vs. Dean Lister,Round 1,Yushin Okami,0,11 of 16,68%,29 of 35,0 of 0,---,0,0,2:48,10 of 15,1 of 1,0 of 0,9 of 14,1 of 1,1 of 1
UFC 92: The Ultimate 2008,Yushin Okami vs. Dean Lister,Round 2,Yushin Okami,0,13 of 25,52%,16 of 28,0 of 0,---,0,0,3:06,9 of 21,3 of 3,1 of 1,3 of 13,3 of 3,7 of 9
UFC 92: The Ultimate 2008,Yushin Okami vs. Dean Lister,Round 3,Yushin Okami,0,15 of 36,41%,32 of 54,0 of 0,---,0,0,3:02,13 of 34,2 of 2,0 of 0,4 of 17,2 of 2,9 of 17
UFC 92: The Ultimate 2008,Yushin Okami vs. Dean Lister,Round 1,Dean Lister,0,2 of 11,18%,6 of 15,0 of 3,0%,0,0,0:00,1 of 10,0 of 0,1 of 1,2 of 11,0 of 0,0 of 0
UFC 92: The Ultimate 2008,Yushin Okami vs. Dean Lister,Round 2,Dean Lister,0,1 of 9,11%,6 of 15,0 of 5,0%,0,0,0:15,1 of 8,0 of 1,0 of 0,1 of 8,0 of 1,0 of 0
UFC 92: The Ultimate 2008,Yushin Okami vs. Dean Lister,Round 3,Dean Lister,0,3 of 19,15%,5 of 22,0 of 3,0%,0,0,0:00,0 of 15,0 of 0,3 of 4,3 of 17,0 of 2,0 of 0
UFC 92: The Ultimate 2008,Antoni Hardonk vs. Mike Wessel,Round 1,Antoni Hardonk,0,21 of 31,67%,26 of 36,0 of 0,---,2,0,0:23,9 of 18,8 of 8,4 of 5,4 of 10,17 of 21,0 of 0
UFC 92: The Ultimate 2008,Antoni Hardonk vs. Mike Wessel,Round 2,Antoni Hardonk,0,25 of 28,89%,30 of 34,0 of 0,---,0,1,1:13,25 of 28,0 of 0,0 of 0,0 of 1,0 of 0,25 of 27
UFC 92: The Ultimate 2008,Antoni Hardonk vs. Mike Wessel,Round 1,Mike Wessel,0,12 of 20,60%,42 of 53,2 of 5,40%,0,0,3:11,7 of 14,5 of 6,0 of 0,2 of 4,8 of 12,2 of 4
UFC 92: The Ultimate 2008,Antoni Hardonk vs. Mike Wessel,Round 2,Mike Wessel,0,1 of 3,33%,3 of 5,1 of 1,100%,0,0,0:46,1 of 3,0 of 0,0 of 0,0 of 1,0 of 0,1 of 2
UFC 92: The Ultimate 2008,Matt Hamill vs. Reese Andy,Round 1,Matt Hamill,0,20 of 70,28%,21 of 71,1 of 1,100%,0,0,0:03,18 of 66,2 of 3,0 of 1,19 of 69,1 of 1,0 of 0
UFC 92: The Ultimate 2008,Matt Hamill vs. Reese Andy,Round 2,Matt Hamill,0,20 of 45,44%,42 of 70,0 of 0,---,0,0,0:22,16 of 41,3 of 3,1 of 1,9 of 30,3 of 4,8 of 11
UFC 92: The Ultimate 2008,Matt Hamill vs. Reese Andy,Round 1,Reese Andy,0,31 of 61,50%,34 of 64,0 of 0,---,0,0,0:00,18 of 43,3 of 5,10 of 13,26 of 51,5 of 10,0 of 0
UFC 92: The Ultimate 2008,Matt Hamill vs. Reese Andy,Round 2,Reese Andy,0,3 of 12,25%,4 of 13,0 of 0,---,0,0,0:00,2 of 11,0 of 0,1 of 1,2 of 9,1 of 3,0 of 0
UFC Fight Night: Diaz vs Neer,Clay Guida vs. Mac Danzig,Round 1,Clay Guida,0,9 of 30,30%,20 of 41,3 of 4,75%,0,0,2:31,3 of 23,1 of 2,5 of 5,5 of 23,3 of 5,1 of 2
UFC Fight Night: Diaz vs Neer,Clay Guida vs. Mac Danzig,Round 2,Clay Guida,0,16 of 49,32%,18 of 51,4 of 8,50%,0,0,1:50,11 of 43,2 of 3,3 of 3,11 of 41,4 of 6,1 of 2
UFC Fight Night: Diaz vs Neer,Clay Guida vs. Mac Danzig,Round 3,Clay Guida,0,18 of 27,66%,29 of 41,3 of 6,50%,0,0,4:15,5 of 13,4 of 4,9 of 10,1 of 3,13 of 18,4 of 6
UFC Fight Night: Diaz vs Neer,Clay Guida vs. Mac Danzig,Round 1,Mac Danzig,0,14 of 44,31%,21 of 52,0 of 1,0%,0,0,0:14,13 of 42,0 of 1,1 of 1,12 of 41,2 of 3,0 of 0
UFC Fight Night: Diaz vs Neer,Clay Guida vs. Mac Danzig,Round 2,Mac Danzig,0,17 of 49,34%,27 of 59,0 of 1,0%,0,0,0:09,14 of 46,2 of 2,1 of 1,13 of 44,4 of 5,0 of 0
UFC Fight Night: Diaz vs Neer,Clay Guida vs. Mac Danzig,Round 3,Mac Danzig,0,5 of 15,33%,16 of 28,1 of 1,100%,0,0,0:11,4 of 13,0 of 0,1 of 2,2 of 9,3 of 6,0 of 0
UFC 18: The Road to the Heavyweight Title,Laverne Clark vs. Frank Caracci,Round 1,Laverne Clark,0,15 of 30,50%,35 of 52,2 of 2,100%,0,0,--,13 of 28,2 of 2,0 of 0,1 of 4,0 of 0,14 of 26
UFC 18: The Road to the Heavyweight Title,Laverne Clark vs. Frank Caracci,Round 1,Frank Caracci,0,0 of 2,0%,0 of 2,0 of 2,0%,1,0,--,0 of 0,0 of 2,0 of 0,0 of 2,0 of 0,0 of 0
UFC - Ultimate Brazil,Frank Shamrock vs. John Lober,Round 1,Frank Shamrock,2,23 of 33,69%,55 of 67,0 of 0,---,4,2,--,5 of 12,8 of 10,10 of 11,8 of 12,7 of 10,8 of 11
UFC - Ultimate Brazil,Frank Shamrock vs. John Lober,Round 1,John Lober,0,4 of 11,36%,11 of 18,3 of 4,75%,1,0,--,3 of 10,0 of 0,1 of 1,1 of 8,0 of 0,3 of 3
UFC - Ultimate Brazil,Vitor Belfort vs. Wanderlei Silva,Round 1,Vitor Belfort,1,7 of 13,53%,7 of 13,0 of 0,---,0,0,--,7 of 13,0 of 0,0 of 0,7 of 13,0 of 0,0 of 0
UFC - Ultimate Brazil,Vitor Belfort vs. Wanderlei Silva,Round 1,Wanderlei Silva,0,1 of 2,50%,1 of 2,0 of 0,---,0,0,--,0 of 0,0 of 0,1 of 2,1 of 2,0 of 0,0 of 0
UFC - Ultimate Brazil,Pedro Rizzo vs. David Abbott,Round 1,Pedro Rizzo,2,24 of 35,68%,49 of 63,0 of 0,---,0,0,--,12 of 22,0 of 0,12 of 13,17 of 22,4 of 7,3 of 6
UFC - Ultimate Brazil,Pedro Rizzo vs. David Abbott,Round 1,David Abbott,0,16 of 48,33%,31 of 69,1 of 2,50%,0,0,--,16 of 48,0 of 0,0 of 0,7 of 25,4 of 14,5 of 9
UFC - Ultimate Brazil,Pat Miletich vs. Mikey Burnett,Round 1,Pat Miletich,0,13 of 24,54%,58 of 69,1 of 7,14%,0,0,--,0 of 6,8 of 10,5 of 8,3 of 11,10 of 13,0 of 0
UFC - Ultimate Brazil,Pat Miletich vs. Mikey Burnett,Round 2,Pat Miletich,0,2 of 2,100%,20 of 21,0 of 0,---,0,0,--,0 of 0,2 of 2,0 of 0,0 of 0,2 of 2,0 of 0
UFC - Ultimate Brazil,Pat Miletich vs. Mikey Burnett,Round 3,Pat Miletich,0,4 of 8,50%,17 of 21,0 of 2,0%,0,0,--,2 of 6,2 of 2,0 of 0,1 of 3,3 of 5,0 of 0
UFC - Ultimate Brazil,Pat Miletich vs. Mikey Burnett,Round 1,Mikey Burnett,0,9 of 21,42%,80 of 97,1 of 1,100%,2,1,--,0 of 12,8 of 8,1 of 1,0 of 8,9 of 12,0 of 1
UFC - Ultimate Brazil,Pat Miletich vs. Mikey Burnett,Round 2,Mikey Burnett,0,4 of 6,66%,24 of 28,0 of 0,---,0,0,--,0 of 2,4 of 4,0 of 0,0 of 2,4 of 4,0 of 0
UFC - Ultimate Brazil,Pat Miletich vs. Mikey Burnett,Round 3,Mikey Burnett,0,11 of 16,68%,41 of 48,1 of 1,100%,0,0,--,2 of 6,8 of 9,1 of 1,1 of 2,10 of 13,0 of 1
UFC - Ultimate Brazil,Tsuyoshi Kohsaka vs. Pete Williams,Round 1,Tsuyoshi Kohsaka,0,7 of 20,35%,7 of 21,2 of 4,50%,4,1,--,4 of 14,1 of 2,2 of 4,7 of 20,0 of 0,0 of 0
UFC - Ultimate Brazil,Tsuyoshi Kohsaka vs. Pete Williams,Round 2,Tsuyoshi Kohsaka,0,7 of 20,35%,23 of 38,1 of 1,100%,1,0,--,3 of 15,3 of 3,1 of 2,4 of 16,0 of 1,3 of 3
UFC - Ultimate Brazil,Tsuyoshi Kohsaka vs. Pete Williams,Round 1,Pete Williams,0,7 of 38,18%,7 of 38,0 of 0,---,0,0,--,4 of 29,3 of 8,0 of 1,6 of 36,1 of 2,0 of 0
UFC - Ultimate Brazil,Tsuyoshi Kohsaka vs. Pete Williams,Round 2,Pete Williams,0,6 of 29,20%,8 of 32,0 of 0,---,0,0,--,2 of 23,4 of 5,0 of 1,6 of 28,0 of 0,0 of 1
UFC - Ultimate Brazil,Ebenezer Fontes Braga vs. Jeremy Horn,Round 1,Ebenezer Fontes Braga,0,9 of 16,56%,17 of 26,1 of 1,100%,1,0,--,6 of 11,1 of 3,2 of 2,2 of 2,5 of 10,2 of 4
UFC - Ultimate Brazil,Ebenezer Fontes Braga vs. Jeremy Horn,Round 1,Jeremy Horn,0,3 of 5,60%,11 of 13,0 of 0,---,0,0,--,0 of 1,3 of 4,0 of 0,0 of 0,3 of 5,0 of 0
UFC - Ultimate Brazil,Tulio Palhares vs. Adriano Santos,Round 1,Tulio Palhares,0,31 of 44,70%,53 of 66,4 of 4,100%,0,0,--,26 of 36,1 of 1,4 of 7,11 of 23,1 of 1,19 of 20
UFC - Ultimate Brazil,Tulio Palhares vs. Adriano Santos,Round 1,Adriano Santos,0,11 of 36,30%,21 of 47,2 of 3,66%,0,1,--,8 of 30,2 of 3,1 of 3,4 of 24,0 of 0,7 of 12
UFC - Ultimate Japan,Kazushi Sakuraba vs. Marcus Silveira,Round 1,Kazushi Sakuraba,0,1 of 2,50%,2 of 3,1 of 1,100%,2,0,--,1 of 2,0 of 0,0 of 0,0 of 1,0 of 0,1 of 1
UFC - Ultimate Japan,Kazushi Sakuraba vs. Marcus Silveira,Round 1,Marcus Silveira,0,1 of 2,50%,11 of 13,1 of 1,100%,1,0,--,1 of 2,0 of 0,0 of 0,0 of 1,1 of 1,0 of 0
UFC - Ultimate Japan,Vitor Belfort vs. Joe Charles,Round 1,Vitor Belfort,0,0 of 0,---,0 of 0,2 of 2,100%,3,0,--,0 of 0,0 of 0,0 of 0,0 of 0,0 of 0,0 of 0
UFC - Ultimate Japan,Vitor Belfort vs. Joe Charles,Round 1,Joe Charles,0,1 of 1,100%,1 of 1,0 of 0,---,0,1,--,0 of 0,0 of 0,1 of 1,1 of 1,0 of 0,0 of 0
